<?xml version="1.0" encoding="UTF-8"?>

<!--Autogenerated by Cloudera Manager-->
<configuration>
  <property>
    <name>dfs.replication</name>
    <value>3</value>
  </property>
  <property>
    <name>dfs.name.dir</name>
    <value>/usr/local/hadoop/hadoop/hdfs/name</value>
  </property>
  <property>
    <name>dfs.data.dir</name>
    <value>/usr/local/hadoop/hadoop/hdfs/data</value>
  </property>
  <property>
    <name>dfs.permissions.enabled</name>
    <value>false</value>
  </property>
</configuration>
